school_year,school_year_offset,course_id,course_name,course_track,section_id,section_label,teacher_id,teacher_label,enrolled_students,boy_present_count,eoy_present_count,boy_avg_present_score,eoy_avg_present_score,avg_observed_growth_delta,boy_nonparticipation_rate,eoy_nonparticipation_rate
2025-2026,0,MATH-GEOM,Geometry,regular,Y00-SEC-003,Geometry - Synthetic Section 01-03,TCH-002,Teacher 02,12,11,12,41.49,51.8,8.77,0.0833,0.0
2025-2026,0,MATH-AP-CALC-AB,AP Calculus AB,ap,Y00-SEC-021,AP Calculus AB - Synthetic Section 01-21,TCH-005,Teacher 05,13,11,10,58.9,66.46,4.73,0.1538,0.2308
2025-2026,0,MATH-GEOM,Geometry,regular,Y00-SEC-008,Geometry - Synthetic Section 01-08,TCH-002,Teacher 02,11,10,10,52.42,59.99,4.95,0.0909,0.0909
2025-2026,0,MATH-ALG1,Algebra 1,regular,Y00-SEC-001,Algebra 1 - Synthetic Section 01-01,TCH-001,Teacher 01,11,10,11,31.2,43.29,9.96,0.0909,0.0
2026-2027,1,MATH-AP-CALC-AB,AP Calculus AB,ap,Y01-SEC-021,AP Calculus AB - Synthetic Section 02-21,TCH-005,Teacher 05,13,13,11,46.88,56.49,4.93,0.0,0.1538
2028-2029,3,MATH-AP-CALC-BC,AP Calculus BC,ap,Y03-SEC-024,AP Calculus BC - Synthetic Section 04-24,TCH-005,Teacher 05,13,12,10,68.96,74.26,3.09,0.0769,0.2308
2028-2029,3,MATH-ALG2-H,Honors Algebra 2,honors,Y03-SEC-011,Honors Algebra 2 - Synthetic Section 04-11,TCH-003,Teacher 03,10,8,8,57.16,57.28,5.13,0.2,0.2
2029-2030,4,MATH-ALG2,Algebra 2,regular,Y04-SEC-010,Algebra 2 - Synthetic Section 05-10,TCH-002,Teacher 02,13,11,13,37.87,44.74,6.17,0.1538,0.0
2029-2030,4,MATH-ALG2-H,Honors Algebra 2,honors,Y04-SEC-011,Honors Algebra 2 - Synthetic Section 05-11,TCH-003,Teacher 03,12,12,12,54.5,61.72,7.22,0.0,0.0
2030-2031,5,MATH-AP-CALC-AB,AP Calculus AB,ap,Y05-SEC-021,AP Calculus AB - Synthetic Section 06-21,TCH-005,Teacher 05,11,11,10,51.71,59.31,6.6,0.0,0.0909
2030-2031,5,MATH-AP-CALC-AB,AP Calculus AB,ap,Y05-SEC-022,AP Calculus AB - Synthetic Section 06-22,TCH-005,Teacher 05,11,11,10,48.14,54.48,6.21,0.0,0.0909
2025-2026,0,MATH-ALG2,Algebra 2,regular,Y00-SEC-011,Algebra 2 - Synthetic Section 01-11,TCH-003,Teacher 03,11,10,11,46.23,52.18,6.31,0.0909,0.0
2025-2026,0,MATH-GEOM,Geometry,regular,Y00-SEC-007,Geometry - Synthetic Section 01-07,TCH-001,Teacher 01,12,12,12,29.49,37.37,7.88,0.0,0.0
2029-2030,4,MATH-AP-CALC-AB,AP Calculus AB,ap,Y04-SEC-021,AP Calculus AB - Synthetic Section 05-21,TCH-005,Teacher 05,11,11,11,49.22,53.18,3.95,0.0,0.0
2029-2030,4,MATH-AP-PRECALC,AP Precalculus,ap,Y04-SEC-016,AP Precalculus - Synthetic Section 05-16,TCH-004,Teacher 04,10,10,9,58.91,65.33,4.34,0.0,0.1
2031-2032,6,MATH-PRECALC,Precalculus,regular,Y06-SEC-015,Precalculus - Synthetic Section 07-15,TCH-003,Teacher 03,11,11,11,35.89,42.02,6.13,0.0,0.0
2026-2027,1,MATH-BEYOND-CORE,Beyond Core Math Sequence,beyond_core,Y01-SEC-024,Beyond Core Math Sequence - Synthetic Section 02-24,TCH-005,Teacher 05,4,4,4,67.26,70.36,3.1,0.0,0.0
2025-2026,0,MATH-AP-CALC-AB,AP Calculus AB,ap,Y00-SEC-024,AP Calculus AB - Synthetic Section 01-24,TCH-005,Teacher 05,12,11,10,55.69,61.7,6.63,0.0833,0.1667
2025-2026,0,MATH-ALG2-H,Honors Algebra 2,honors,Y00-SEC-013,Honors Algebra 2 - Synthetic Section 01-13,TCH-003,Teacher 03,11,11,11,50.21,54.21,3.99,0.0,0.0
2026-2027,1,MATH-GEOM,Geometry,regular,Y01-SEC-003,Geometry - Synthetic Section 02-03,TCH-001,Teacher 01,13,11,11,38.69,42.89,3.27,0.1538,0.1538
2027-2028,2,MATH-AP-CALC-AB,AP Calculus AB,ap,Y02-SEC-017,AP Calculus AB - Synthetic Section 03-17,TCH-005,Teacher 05,12,11,12,43.86,51.92,8.79,0.0833,0.0
2027-2028,2,MATH-AP-CALC-AB,AP Calculus AB,ap,Y02-SEC-018,AP Calculus AB - Synthetic Section 03-18,TCH-005,Teacher 05,12,12,11,45.49,51.55,5.5,0.0,0.0833
2027-2028,2,MATH-PRECALC,Precalculus,regular,Y02-SEC-014,Precalculus - Synthetic Section 03-14,TCH-003,Teacher 03,14,12,14,42.39,46.72,6.48,0.1429,0.0
2027-2028,2,MATH-ALG2,Algebra 2,regular,Y02-SEC-007,Algebra 2 - Synthetic Section 03-07,TCH-002,Teacher 02,13,12,13,34.73,42.01,6.82,0.0769,0.0
2028-2029,3,MATH-PRECALC,Precalculus,regular,Y03-SEC-018,Precalculus - Synthetic Section 04-18,TCH-003,Teacher 03,12,11,12,35.24,41.65,6.11,0.0833,0.0
2028-2029,3,MATH-GEOM,Geometry,regular,Y03-SEC-003,Geometry - Synthetic Section 04-03,TCH-002,Teacher 02,14,13,14,45.83,53.22,7.01,0.0714,0.0
2028-2029,3,MATH-ALG1,Algebra 1,regular,Y03-SEC-001,Algebra 1 - Synthetic Section 04-01,TCH-001,Teacher 01,8,7,8,37.15,45.81,6.74,0.125,0.0
2029-2030,4,MATH-AP-PRECALC,AP Precalculus,ap,Y04-SEC-015,AP Precalculus - Synthetic Section 05-15,TCH-004,Teacher 04,11,11,10,49.34,54.69,8.71,0.0,0.0909
2029-2030,4,MATH-ALG2-H,Honors Algebra 2,honors,Y04-SEC-013,Honors Algebra 2 - Synthetic Section 05-13,TCH-003,Teacher 03,11,10,10,53.97,59.87,5.5,0.0909,0.0909
2029-2030,4,MATH-GEOM,Geometry,regular,Y04-SEC-007,Geometry - Synthetic Section 05-07,TCH-001,Teacher 01,13,12,12,43.75,48.38,6.78,0.0769,0.0769
2029-2030,4,MATH-ALG1,Algebra 1,regular,Y04-SEC-002,Algebra 1 - Synthetic Section 05-02,TCH-001,Teacher 01,9,9,8,45.48,54.59,6.39,0.0,0.1111
2031-2032,6,MATH-AP-CALC-AB,AP Calculus AB,ap,Y06-SEC-018,AP Calculus AB - Synthetic Section 07-18,TCH-005,Teacher 05,14,13,14,49.39,55.95,6.69,0.0714,0.0
2031-2032,6,MATH-AP-CALC-BC,AP Calculus BC,ap,Y06-SEC-023,AP Calculus BC - Synthetic Section 07-23,TCH-005,Teacher 05,12,10,11,63.26,64.66,1.89,0.1667,0.0833
2031-2032,6,MATH-GEOM,Geometry,regular,Y06-SEC-005,Geometry - Synthetic Section 07-05,TCH-001,Teacher 01,12,11,12,54.13,56.59,4.0,0.0833,0.0
2027-2028,2,MATH-AP-CALC-AB,AP Calculus AB,ap,Y02-SEC-021,AP Calculus AB - Synthetic Section 03-21,TCH-004,Teacher 04,11,10,10,59.59,62.03,3.5,0.0909,0.0909
2028-2029,3,MATH-AP-CALC-AB,AP Calculus AB,ap,Y03-SEC-020,AP Calculus AB - Synthetic Section 04-20,TCH-005,Teacher 05,14,11,12,53.23,55.11,3.13,0.2143,0.1429
2030-2031,5,MATH-AP-PRECALC,AP Precalculus,ap,Y05-SEC-013,AP Precalculus - Synthetic Section 06-13,TCH-004,Teacher 04,12,12,11,65.39,70.24,2.1,0.0,0.0833
2026-2027,1,MATH-PRECALC,Precalculus,regular,Y01-SEC-019,Precalculus - Synthetic Section 02-19,TCH-004,Teacher 04,11,9,10,42.93,53.55,6.33,0.1818,0.0909
2025-2026,0,MATH-GEOM,Geometry,regular,Y00-SEC-005,Geometry - Synthetic Section 01-05,TCH-001,Teacher 01,12,11,10,51.31,51.16,5.82,0.0833,0.1667
2025-2026,0,MATH-AP-PRECALC,AP Precalculus,ap,Y00-SEC-018,AP Precalculus - Synthetic Section 01-18,TCH-004,Teacher 04,9,8,9,43.98,49.3,5.6,0.1111,0.0
2025-2026,0,MATH-GEOM,Geometry,regular,Y00-SEC-004,Geometry - Synthetic Section 01-04,TCH-002,Teacher 02,12,12,12,44.22,49.73,5.51,0.0,0.0
2025-2026,0,MATH-PRECALC,Precalculus,regular,Y00-SEC-019,Precalculus - Synthetic Section 01-19,TCH-004,Teacher 04,8,8,8,46.38,51.35,4.98,0.0,0.0
2026-2027,1,MATH-ALG2-H,Honors Algebra 2,honors,Y01-SEC-010,Honors Algebra 2 - Synthetic Section 02-10,TCH-003,Teacher 03,14,12,12,68.05,67.38,3.95,0.1429,0.1429
2026-2027,1,MATH-ALG2-H,Honors Algebra 2,honors,Y01-SEC-012,Honors Algebra 2 - Synthetic Section 02-12,TCH-003,Teacher 03,13,12,12,59.04,66.08,6.56,0.0769,0.0769
2027-2028,2,MATH-AP-PRECALC,AP Precalculus,ap,Y02-SEC-012,AP Precalculus - Synthetic Section 03-12,TCH-004,Teacher 04,13,13,11,61.4,66.4,3.55,0.0,0.1538
2027-2028,2,MATH-BEYOND-CORE,Beyond Core Math Sequence,beyond_core,Y02-SEC-024,Beyond Core Math Sequence - Synthetic Section 03-24,TCH-004,Teacher 04,6,3,6,56.38,68.22,0.43,0.5,0.0
2027-2028,2,MATH-ALG2-H,Honors Algebra 2,honors,Y02-SEC-009,Honors Algebra 2 - Synthetic Section 03-09,TCH-003,Teacher 03,14,14,14,56.79,61.57,4.78,0.0,0.0
2027-2028,2,MATH-AP-CALC-BC,AP Calculus BC,ap,Y02-SEC-023,AP Calculus BC - Synthetic Section 03-23,TCH-005,Teacher 05,8,8,6,64.03,71.66,5.58,0.0,0.25
2027-2028,2,MATH-ALG2-H,Honors Algebra 2,honors,Y02-SEC-010,Honors Algebra 2 - Synthetic Section 03-10,TCH-003,Teacher 03,13,10,12,57.34,60.54,6.77,0.2308,0.0769
2028-2029,3,MATH-AP-CALC-AB,AP Calculus AB,ap,Y03-SEC-019,AP Calculus AB - Synthetic Section 04-19,TCH-005,Teacher 05,14,14,14,50.68,54.35,3.66,0.0,0.0
2029-2030,4,MATH-ALG2,Algebra 2,regular,Y04-SEC-008,Algebra 2 - Synthetic Section 05-08,TCH-002,Teacher 02,13,13,12,38.34,42.98,5.2,0.0,0.0769
2029-2030,4,MATH-ALG1,Algebra 1,regular,Y04-SEC-001,Algebra 1 - Synthetic Section 05-01,TCH-001,Teacher 01,10,9,10,43.04,48.46,5.72,0.1,0.0
2030-2031,5,MATH-ALG2,Algebra 2,regular,Y05-SEC-007,Algebra 2 - Synthetic Section 06-07,TCH-002,Teacher 02,11,8,11,33.08,44.97,8.4,0.2727,0.0
2030-2031,5,MATH-AP-PRECALC,AP Precalculus,ap,Y05-SEC-014,AP Precalculus - Synthetic Section 06-14,TCH-004,Teacher 04,12,11,12,52.1,57.83,5.67,0.0833,0.0
2031-2032,6,MATH-BEYOND-CORE,Beyond Core Math Sequence,beyond_core,Y06-SEC-024,Beyond Core Math Sequence - Synthetic Section 07-24,TCH-004,Teacher 04,4,3,4,61.26,62.52,-0.11,0.25,0.0
2031-2032,6,MATH-ALG2-H,Honors Algebra 2,honors,Y06-SEC-010,Honors Algebra 2 - Synthetic Section 07-10,TCH-003,Teacher 03,14,12,14,63.05,66.4,6.9,0.1429,0.0
2031-2032,6,MATH-ALG2,Algebra 2,regular,Y06-SEC-008,Algebra 2 - Synthetic Section 07-08,TCH-002,Teacher 02,12,11,10,36.62,43.51,6.33,0.0833,0.1667
2031-2032,6,MATH-ALG1,Algebra 1,regular,Y06-SEC-001,Algebra 1 - Synthetic Section 07-01,TCH-001,Teacher 01,13,13,13,42.09,49.22,7.13,0.0,0.0
2025-2026,0,MATH-ALG2,Algebra 2,regular,Y00-SEC-010,Algebra 2 - Synthetic Section 01-10,TCH-002,Teacher 02,12,11,11,52.73,59.45,5.52,0.0833,0.0833
2028-2029,3,MATH-ALG2-H,Honors Algebra 2,honors,Y03-SEC-010,Honors Algebra 2 - Synthetic Section 04-10,TCH-003,Teacher 03,10,9,10,55.07,60.67,5.62,0.1,0.0
2028-2029,3,MATH-GEOM,Geometry,regular,Y03-SEC-006,Geometry - Synthetic Section 04-06,TCH-002,Teacher 02,13,12,12,36.4,41.13,6.21,0.0769,0.0769
2028-2029,3,MATH-ALG1,Algebra 1,regular,Y03-SEC-002,Algebra 1 - Synthetic Section 04-02,TCH-001,Teacher 01,8,8,7,35.26,42.61,5.79,0.0,0.125
2030-2031,5,MATH-ALG2,Algebra 2,regular,Y05-SEC-008,Algebra 2 - Synthetic Section 06-08,TCH-002,Teacher 02,11,11,11,34.95,44.02,9.07,0.0,0.0
2031-2032,6,MATH-ALG2,Algebra 2,regular,Y06-SEC-007,Algebra 2 - Synthetic Section 07-07,TCH-002,Teacher 02,12,12,12,38.64,44.42,5.79,0.0,0.0
2025-2026,0,MATH-ALG2,Algebra 2,regular,Y00-SEC-009,Algebra 2 - Synthetic Section 01-09,TCH-002,Teacher 02,12,11,10,43.59,44.18,5.74,0.0833,0.1667
2026-2027,1,MATH-PRECALC,Precalculus,regular,Y01-SEC-017,Precalculus - Synthetic Section 02-17,TCH-003,Teacher 03,12,12,12,51.08,56.48,5.39,0.0,0.0
2026-2027,1,MATH-AP-PRECALC,AP Precalculus,ap,Y01-SEC-015,AP Precalculus - Synthetic Section 02-15,TCH-004,Teacher 04,11,11,9,52.22,57.0,5.77,0.0,0.1818
2027-2028,2,MATH-AP-CALC-BC,AP Calculus BC,ap,Y02-SEC-022,AP Calculus BC - Synthetic Section 03-22,TCH-005,Teacher 05,8,8,8,57.87,64.03,6.15,0.0,0.0
2027-2028,2,MATH-ALG1,Algebra 1,regular,Y02-SEC-001,Algebra 1 - Synthetic Section 03-01,TCH-001,Teacher 01,13,12,11,34.42,40.89,5.83,0.0769,0.1538
2028-2029,3,MATH-AP-CALC-BC,AP Calculus BC,ap,Y03-SEC-023,AP Calculus BC - Synthetic Section 04-23,TCH-005,Teacher 05,13,13,12,60.7,67.31,3.4,0.0,0.0769
2029-2030,4,MATH-BEYOND-CORE,Beyond Core Math Sequence,beyond_core,Y04-SEC-026,Beyond Core Math Sequence - Synthetic Section 05-26,TCH-004,Teacher 04,4,3,3,63.48,78.91,2.51,0.25,0.25
2029-2030,4,MATH-PRECALC,Precalculus,regular,Y04-SEC-019,Precalculus - Synthetic Section 05-19,TCH-003,Teacher 03,11,10,11,41.49,48.22,5.45,0.0909,0.0
2030-2031,5,MATH-AP-CALC-AB,AP Calculus AB,ap,Y05-SEC-020,AP Calculus AB - Synthetic Section 06-20,TCH-005,Teacher 05,11,10,9,53.57,54.77,3.78,0.0909,0.1818
2030-2031,5,MATH-ALG1,Algebra 1,regular,Y05-SEC-001,Algebra 1 - Synthetic Section 06-01,TCH-001,Teacher 01,13,11,12,48.65,46.79,3.28,0.1538,0.0769
2031-2032,6,MATH-PRECALC,Precalculus,regular,Y06-SEC-016,Precalculus - Synthetic Section 07-16,TCH-004,Teacher 04,11,10,11,39.97,44.69,4.11,0.0909,0.0
2031-2032,6,MATH-AP-PRECALC,AP Precalculus,ap,Y06-SEC-012,AP Precalculus - Synthetic Section 07-12,TCH-004,Teacher 04,11,11,11,59.5,65.15,5.64,0.0,0.0
2025-2026,0,MATH-AP-CALC-BC,AP Calculus BC,ap,Y00-SEC-025,AP Calculus BC - Synthetic Section 01-25,TCH-005,Teacher 05,12,12,10,61.34,70.73,5.85,0.0,0.1667
2025-2026,0,MATH-ALG1,Algebra 1,regular,Y00-SEC-002,Algebra 1 - Synthetic Section 01-02,TCH-001,Teacher 01,10,9,10,31.42,40.24,8.02,0.1,0.0
2026-2027,1,MATH-AP-PRECALC,AP Precalculus,ap,Y01-SEC-013,AP Precalculus - Synthetic Section 02-13,TCH-004,Teacher 04,12,10,12,56.84,56.54,2.27,0.1667,0.0
2031-2032,6,MATH-PRECALC,Precalculus,regular,Y06-SEC-017,Precalculus - Synthetic Section 07-17,TCH-003,Teacher 03,11,10,10,42.37,48.92,4.78,0.0909,0.0909
2030-2031,5,MATH-AP-CALC-AB,AP Calculus AB,ap,Y05-SEC-019,AP Calculus AB - Synthetic Section 06-19,TCH-005,Teacher 05,12,12,12,37.6,46.69,9.09,0.0,0.0
2025-2026,0,MATH-GEOM,Geometry,regular,Y00-SEC-006,Geometry - Synthetic Section 01-06,TCH-002,Teacher 02,12,11,10,53.44,56.56,4.04,0.0833,0.1667
2026-2027,1,MATH-ALG2,Algebra 2,regular,Y01-SEC-006,Algebra 2 - Synthetic Section 02-06,TCH-002,Teacher 02,11,10,10,30.74,40.63,9.85,0.0909,0.0909
2026-2027,1,MATH-PRECALC,Precalculus,regular,Y01-SEC-018,Precalculus - Synthetic Section 02-18,TCH-003,Teacher 03,12,11,11,52.54,55.88,5.0,0.0833,0.0833
2026-2027,1,MATH-ALG2-H,Honors Algebra 2,honors,Y01-SEC-011,Honors Algebra 2 - Synthetic Section 02-11,TCH-003,Teacher 03,13,13,12,70.08,75.39,5.92,0.0,0.0769
2026-2027,1,MATH-ALG2,Algebra 2,regular,Y01-SEC-008,Algebra 2 - Synthetic Section 02-08,TCH-002,Teacher 02,11,10,11,32.94,40.34,6.84,0.0909,0.0
2027-2028,2,MATH-AP-CALC-AB,AP Calculus AB,ap,Y02-SEC-019,AP Calculus AB - Synthetic Section 03-19,TCH-005,Teacher 05,12,12,12,58.51,62.46,3.95,0.0,0.0
2027-2028,2,MATH-PRECALC,Precalculus,regular,Y02-SEC-015,Precalculus - Synthetic Section 03-15,TCH-003,Teacher 03,13,12,12,30.68,38.89,6.14,0.0769,0.0769
2027-2028,2,MATH-AP-PRECALC,AP Precalculus,ap,Y02-SEC-013,AP Precalculus - Synthetic Section 03-13,TCH-004,Teacher 04,13,12,12,66.44,72.63,6.18,0.0769,0.0769
2027-2028,2,MATH-GEOM,Geometry,regular,Y02-SEC-004,Geometry - Synthetic Section 03-04,TCH-002,Teacher 02,12,11,12,38.32,45.58,6.62,0.0833,0.0
2028-2029,3,MATH-PRECALC,Precalculus,regular,Y03-SEC-016,Precalculus - Synthetic Section 04-16,TCH-003,Teacher 03,13,13,13,40.35,44.49,4.14,0.0,0.0
2028-2029,3,MATH-AP-PRECALC,AP Precalculus,ap,Y03-SEC-015,AP Precalculus - Synthetic Section 04-15,TCH-004,Teacher 04,9,9,8,53.29,63.23,5.41,0.0,0.1111
2028-2029,3,MATH-AP-PRECALC,AP Precalculus,ap,Y03-SEC-013,AP Precalculus - Synthetic Section 04-13,TCH-004,Teacher 04,10,9,9,48.23,54.95,6.45,0.1,0.1
2029-2030,4,MATH-AP-PRECALC,AP Precalculus,ap,Y04-SEC-014,AP Precalculus - Synthetic Section 05-14,TCH-004,Teacher 04,11,11,11,64.18,69.35,5.16,0.0,0.0
2029-2030,4,MATH-GEOM,Geometry,regular,Y04-SEC-005,Geometry - Synthetic Section 05-05,TCH-001,Teacher 01,13,12,12,45.23,53.45,6.09,0.0769,0.0769
2029-2030,4,MATH-ALG2-H,Honors Algebra 2,honors,Y04-SEC-012,Honors Algebra 2 - Synthetic Section 05-12,TCH-003,Teacher 03,11,9,10,55.06,59.5,5.71,0.1818,0.0909
2030-2031,5,MATH-AP-CALC-BC,AP Calculus BC,ap,Y05-SEC-023,AP Calculus BC - Synthetic Section 06-23,TCH-005,Teacher 05,11,9,11,64.15,69.55,2.91,0.1818,0.0
2030-2031,5,MATH-PRECALC,Precalculus,regular,Y05-SEC-018,Precalculus - Synthetic Section 06-18,TCH-003,Teacher 03,13,12,12,38.48,43.49,6.76,0.0769,0.0769
2030-2031,5,MATH-ALG2-H,Honors Algebra 2,honors,Y05-SEC-012,Honors Algebra 2 - Synthetic Section 06-12,TCH-003,Teacher 03,10,8,9,63.73,74.92,7.66,0.2,0.1
2031-2032,6,MATH-AP-CALC-AB,AP Calculus AB,ap,Y06-SEC-019,AP Calculus AB - Synthetic Section 07-19,TCH-005,Teacher 05,14,13,13,51.38,55.58,2.41,0.0714,0.0714
2031-2032,6,MATH-AP-PRECALC,AP Precalculus,ap,Y06-SEC-013,AP Precalculus - Synthetic Section 07-13,TCH-004,Teacher 04,11,9,11,63.54,69.44,7.18,0.1818,0.0
2031-2032,6,MATH-AP-CALC-AB,AP Calculus AB,ap,Y06-SEC-020,AP Calculus AB - Synthetic Section 07-20,TCH-005,Teacher 05,14,14,12,52.4,59.57,4.85,0.0,0.1429
2027-2028,2,MATH-ALG2,Algebra 2,regular,Y02-SEC-008,Algebra 2 - Synthetic Section 03-08,TCH-002,Teacher 02,13,13,13,33.54,37.58,4.04,0.0,0.0
2028-2029,3,MATH-AP-CALC-AB,AP Calculus AB,ap,Y03-SEC-021,AP Calculus AB - Synthetic Section 04-21,TCH-005,Teacher 05,13,12,11,45.63,51.13,6.27,0.0769,0.1538
2031-2032,6,MATH-ALG2,Algebra 2,regular,Y06-SEC-006,Algebra 2 - Synthetic Section 07-06,TCH-002,Teacher 02,12,12,11,39.3,48.63,7.63,0.0,0.0833
2026-2027,1,MATH-AP-PRECALC,AP Precalculus,ap,Y01-SEC-014,AP Precalculus - Synthetic Section 02-14,TCH-004,Teacher 04,11,11,9,56.08,64.98,6.68,0.0,0.1818
2025-2026,0,MATH-AP-PRECALC,AP Precalculus,ap,Y00-SEC-017,AP Precalculus - Synthetic Section 01-17,TCH-004,Teacher 04,10,10,10,61.05,64.8,3.75,0.0,0.0
2025-2026,0,MATH-PRECALC,Precalculus,regular,Y00-SEC-020,Precalculus - Synthetic Section 01-20,TCH-004,Teacher 04,8,8,8,58.38,62.18,3.8,0.0,0.0
2025-2026,0,MATH-ALG2-H,Honors Algebra 2,honors,Y00-SEC-015,Honors Algebra 2 - Synthetic Section 01-15,TCH-003,Teacher 03,10,10,10,49.51,56.43,6.92,0.0,0.0
2026-2027,1,MATH-AP-PRECALC,AP Precalculus,ap,Y01-SEC-016,AP Precalculus - Synthetic Section 02-16,TCH-004,Teacher 04,11,11,11,55.26,60.08,4.82,0.0,0.0
2026-2027,1,MATH-AP-CALC-BC,AP Calculus BC,ap,Y01-SEC-023,AP Calculus BC - Synthetic Section 02-23,TCH-005,Teacher 05,13,12,11,64.65,68.21,1.93,0.0769,0.1538
2026-2027,1,MATH-ALG2,Algebra 2,regular,Y01-SEC-009,Algebra 2 - Synthetic Section 02-09,TCH-002,Teacher 02,10,8,10,34.6,42.68,8.86,0.2,0.0
2026-2027,1,MATH-ALG1,Algebra 1,regular,Y01-SEC-001,Algebra 1 - Synthetic Section 02-01,TCH-001,Teacher 01,13,11,12,35.93,44.12,6.79,0.1538,0.0769
2027-2028,2,MATH-PRECALC,Precalculus,regular,Y02-SEC-016,Precalculus - Synthetic Section 03-16,TCH-004,Teacher 04,13,12,12,39.19,45.99,5.24,0.0769,0.0769
2027-2028,2,MATH-GEOM,Geometry,regular,Y02-SEC-002,Geometry - Synthetic Section 03-02,TCH-002,Teacher 02,12,11,10,42.24,45.1,6.4,0.0833,0.1667
2028-2029,3,MATH-ALG2,Algebra 2,regular,Y03-SEC-009,Algebra 2 - Synthetic Section 04-09,TCH-002,Teacher 02,11,11,11,41.59,46.81,5.22,0.0,0.0
2029-2030,4,MATH-AP-CALC-AB,AP Calculus AB,ap,Y04-SEC-020,AP Calculus AB - Synthetic Section 05-20,TCH-005,Teacher 05,11,11,11,45.12,49.94,4.82,0.0,0.0
2030-2031,5,MATH-AP-CALC-BC,AP Calculus BC,ap,Y05-SEC-024,AP Calculus BC - Synthetic Section 06-24,TCH-005,Teacher 05,10,10,10,58.87,62.13,3.25,0.0,0.0
2030-2031,5,MATH-PRECALC,Precalculus,regular,Y05-SEC-016,Precalculus - Synthetic Section 06-16,TCH-003,Teacher 03,13,13,12,41.6,45.64,3.93,0.0,0.0769
2030-2031,5,MATH-ALG2,Algebra 2,regular,Y05-SEC-006,Algebra 2 - Synthetic Section 06-06,TCH-002,Teacher 02,12,12,9,43.74,52.83,10.39,0.0,0.25
2030-2031,5,MATH-GEOM,Geometry,regular,Y05-SEC-003,Geometry - Synthetic Section 06-03,TCH-001,Teacher 01,13,11,13,44.44,48.36,6.75,0.1538,0.0
2030-2031,5,MATH-GEOM,Geometry,regular,Y05-SEC-004,Geometry - Synthetic Section 06-04,TCH-002,Teacher 02,13,13,12,42.09,49.81,9.06,0.0,0.0769
2031-2032,6,MATH-ALG2-H,Honors Algebra 2,honors,Y06-SEC-009,Honors Algebra 2 - Synthetic Section 07-09,TCH-003,Teacher 03,14,14,14,65.05,70.62,5.57,0.0,0.0
2025-2026,0,MATH-AP-CALC-BC,AP Calculus BC,ap,Y00-SEC-026,AP Calculus BC - Synthetic Section 01-26,TCH-005,Teacher 05,11,11,10,62.6,70.46,5.55,0.0,0.0909
2028-2029,3,MATH-BEYOND-CORE,Beyond Core Math Sequence,beyond_core,Y03-SEC-025,Beyond Core Math Sequence - Synthetic Section 04-25,TCH-004,Teacher 04,6,6,5,75.06,81.71,5.94,0.0,0.1667
2029-2030,4,MATH-AP-CALC-BC,AP Calculus BC,ap,Y04-SEC-025,AP Calculus BC - Synthetic Section 05-25,TCH-005,Teacher 05,8,8,8,58.95,60.54,1.6,0.0,0.0
2028-2029,3,MATH-ALG2-H,Honors Algebra 2,honors,Y03-SEC-012,Honors Algebra 2 - Synthetic Section 04-12,TCH-003,Teacher 03,9,8,8,53.49,62.17,8.68,0.1111,0.1111
2026-2027,1,MATH-GEOM,Geometry,regular,Y01-SEC-004,Geometry - Synthetic Section 02-04,TCH-002,Teacher 02,13,12,11,42.29,51.12,8.05,0.0769,0.1538
2027-2028,2,MATH-ALG2,Algebra 2,regular,Y02-SEC-006,Algebra 2 - Synthetic Section 03-06,TCH-002,Teacher 02,13,11,12,35.2,41.09,5.91,0.1538,0.0769
2028-2029,3,MATH-AP-CALC-AB,AP Calculus AB,ap,Y03-SEC-022,AP Calculus AB - Synthetic Section 04-22,TCH-005,Teacher 05,13,12,12,46.78,53.0,6.22,0.0769,0.0769
2028-2029,3,MATH-AP-PRECALC,AP Precalculus,ap,Y03-SEC-014,AP Precalculus - Synthetic Section 04-14,TCH-004,Teacher 04,10,9,9,64.46,67.89,3.88,0.1,0.1
2028-2029,3,MATH-GEOM,Geometry,regular,Y03-SEC-004,Geometry - Synthetic Section 04-04,TCH-002,Teacher 02,14,14,12,40.28,48.67,6.58,0.0,0.1429
2029-2030,4,MATH-AP-CALC-BC,AP Calculus BC,ap,Y04-SEC-024,AP Calculus BC - Synthetic Section 05-24,TCH-005,Teacher 05,9,8,9,61.12,67.81,6.04,0.1111,0.0
2029-2030,4,MATH-ALG2,Algebra 2,regular,Y04-SEC-009,Algebra 2 - Synthetic Section 05-09,TCH-002,Teacher 02,13,11,13,35.54,42.11,4.43,0.1538,0.0
2030-2031,5,MATH-BEYOND-CORE,Beyond Core Math Sequence,beyond_core,Y05-SEC-025,Beyond Core Math Sequence - Synthetic Section 06-25,TCH-004,Teacher 04,5,4,5,68.04,74.77,4.12,0.2,0.0
2030-2031,5,MATH-ALG2,Algebra 2,regular,Y05-SEC-009,Algebra 2 - Synthetic Section 06-09,TCH-002,Teacher 02,11,10,9,33.81,35.51,2.33,0.0909,0.1818
2030-2031,5,MATH-ALG2-H,Honors Algebra 2,honors,Y05-SEC-011,Honors Algebra 2 - Synthetic Section 06-11,TCH-003,Teacher 03,11,9,11,54.34,63.4,7.37,0.1818,0.0
2030-2031,5,MATH-GEOM,Geometry,regular,Y05-SEC-002,Geometry - Synthetic Section 06-02,TCH-002,Teacher 02,13,12,13,49.83,51.4,2.22,0.0769,0.0
2031-2032,6,MATH-AP-CALC-AB,AP Calculus AB,ap,Y06-SEC-021,AP Calculus AB - Synthetic Section 07-21,TCH-005,Teacher 05,13,13,12,46.01,48.31,3.1,0.0,0.0769
2031-2032,6,MATH-GEOM,Geometry,regular,Y06-SEC-002,Geometry - Synthetic Section 07-02,TCH-002,Teacher 02,12,10,12,40.05,50.47,9.02,0.1667,0.0
2026-2027,1,MATH-ALG2,Algebra 2,regular,Y01-SEC-007,Algebra 2 - Synthetic Section 02-07,TCH-002,Teacher 02,11,11,11,34.94,42.31,7.37,0.0,0.0
2029-2030,4,MATH-PRECALC,Precalculus,regular,Y04-SEC-018,Precalculus - Synthetic Section 05-18,TCH-004,Teacher 04,11,8,10,38.86,45.49,8.73,0.2727,0.0909
2029-2030,4,MATH-GEOM,Geometry,regular,Y04-SEC-006,Geometry - Synthetic Section 05-06,TCH-002,Teacher 02,13,11,11,35.86,43.99,6.32,0.1538,0.1538
2025-2026,0,MATH-AP-CALC-AB,AP Calculus AB,ap,Y00-SEC-023,AP Calculus AB - Synthetic Section 01-23,TCH-005,Teacher 05,12,11,12,57.49,61.52,3.25,0.0833,0.0
2025-2026,0,MATH-AP-CALC-AB,AP Calculus AB,ap,Y00-SEC-022,AP Calculus AB - Synthetic Section 01-22,TCH-005,Teacher 05,12,12,12,51.06,57.59,6.53,0.0,0.0
2025-2026,0,MATH-ALG2-H,Honors Algebra 2,honors,Y00-SEC-014,Honors Algebra 2 - Synthetic Section 01-14,TCH-003,Teacher 03,11,10,10,41.85,47.94,6.1,0.0909,0.0909
2026-2027,1,MATH-AP-CALC-BC,AP Calculus BC,ap,Y01-SEC-022,AP Calculus BC - Synthetic Section 02-22,TCH-005,Teacher 05,14,12,13,60.45,65.48,4.54,0.1429,0.0714
2026-2027,1,MATH-AP-CALC-AB,AP Calculus AB,ap,Y01-SEC-020,AP Calculus AB - Synthetic Section 02-20,TCH-005,Teacher 05,14,14,14,51.82,57.63,5.81,0.0,0.0
2026-2027,1,MATH-GEOM,Geometry,regular,Y01-SEC-002,Geometry - Synthetic Section 02-02,TCH-002,Teacher 02,14,14,13,44.07,47.8,4.41,0.0,0.0714
2026-2027,1,MATH-GEOM,Geometry,regular,Y01-SEC-005,Geometry - Synthetic Section 02-05,TCH-001,Teacher 01,13,13,13,34.12,41.51,7.39,0.0,0.0
2027-2028,2,MATH-AP-CALC-AB,AP Calculus AB,ap,Y02-SEC-020,AP Calculus AB - Synthetic Section 03-20,TCH-005,Teacher 05,11,11,7,56.19,61.17,1.68,0.0,0.3636
2027-2028,2,MATH-AP-PRECALC,AP Precalculus,ap,Y02-SEC-011,AP Precalculus - Synthetic Section 03-11,TCH-004,Teacher 04,14,14,12,68.04,72.02,3.17,0.0,0.1429
2027-2028,2,MATH-GEOM,Geometry,regular,Y02-SEC-005,Geometry - Synthetic Section 03-05,TCH-001,Teacher 01,12,12,11,35.08,40.08,8.3,0.0,0.0833
2027-2028,2,MATH-GEOM,Geometry,regular,Y02-SEC-003,Geometry - Synthetic Section 03-03,TCH-001,Teacher 01,12,12,9,52.69,53.57,5.37,0.0,0.25
2028-2029,3,MATH-ALG2,Algebra 2,regular,Y03-SEC-007,Algebra 2 - Synthetic Section 04-07,TCH-002,Teacher 02,12,11,11,32.1,40.03,8.13,0.0833,0.0833
2029-2030,4,MATH-AP-CALC-AB,AP Calculus AB,ap,Y04-SEC-023,AP Calculus AB - Synthetic Section 05-23,TCH-005,Teacher 05,10,9,9,46.85,54.47,4.7,0.1,0.1
2029-2030,4,MATH-GEOM,Geometry,regular,Y04-SEC-003,Geometry - Synthetic Section 05-03,TCH-002,Teacher 02,13,13,12,41.83,49.68,8.73,0.0,0.0769
2029-2030,4,MATH-GEOM,Geometry,regular,Y04-SEC-004,Geometry - Synthetic Section 05-04,TCH-002,Teacher 02,13,13,13,43.69,49.97,6.28,0.0,0.0
2030-2031,5,MATH-AP-PRECALC,AP Precalculus,ap,Y05-SEC-015,AP Precalculus - Synthetic Section 06-15,TCH-004,Teacher 04,12,11,9,54.86,62.45,6.21,0.0833,0.25
2030-2031,5,MATH-GEOM,Geometry,regular,Y05-SEC-005,Geometry - Synthetic Section 06-05,TCH-001,Teacher 01,12,11,11,44.01,52.05,6.5,0.0833,0.0833
2031-2032,6,MATH-PRECALC,Precalculus,regular,Y06-SEC-014,Precalculus - Synthetic Section 07-14,TCH-003,Teacher 03,12,11,10,43.96,48.1,4.81,0.0833,0.1667
2031-2032,6,MATH-AP-CALC-BC,AP Calculus BC,ap,Y06-SEC-022,AP Calculus BC - Synthetic Section 07-22,TCH-005,Teacher 05,12,12,10,63.88,66.48,3.1,0.0,0.1667
2031-2032,6,MATH-AP-PRECALC,AP Precalculus,ap,Y06-SEC-011,AP Precalculus - Synthetic Section 07-11,TCH-004,Teacher 04,12,10,12,68.98,74.35,5.67,0.1667,0.0
2031-2032,6,MATH-GEOM,Geometry,regular,Y06-SEC-004,Geometry - Synthetic Section 07-04,TCH-002,Teacher 02,12,10,11,41.46,45.23,4.01,0.1667,0.0833
2031-2032,6,MATH-GEOM,Geometry,regular,Y06-SEC-003,Geometry - Synthetic Section 07-03,TCH-001,Teacher 01,12,10,11,43.44,53.21,7.02,0.1667,0.0833
2025-2026,0,MATH-ALG2-H,Honors Algebra 2,honors,Y00-SEC-012,Honors Algebra 2 - Synthetic Section 01-12,TCH-003,Teacher 03,11,11,9,62.77,72.07,6.15,0.0,0.1818
2025-2026,0,MATH-AP-PRECALC,AP Precalculus,ap,Y00-SEC-016,AP Precalculus - Synthetic Section 01-16,TCH-004,Teacher 04,10,8,9,60.05,69.52,5.31,0.2,0.1
2028-2029,3,MATH-PRECALC,Precalculus,regular,Y03-SEC-017,Precalculus - Synthetic Section 04-17,TCH-004,Teacher 04,13,12,13,36.41,43.97,6.86,0.0769,0.0
2028-2029,3,MATH-ALG2,Algebra 2,regular,Y03-SEC-008,Algebra 2 - Synthetic Section 04-08,TCH-002,Teacher 02,11,10,10,34.14,42.36,6.96,0.0909,0.0909
2028-2029,3,MATH-GEOM,Geometry,regular,Y03-SEC-005,Geometry - Synthetic Section 04-05,TCH-001,Teacher 01,14,14,10,44.34,49.74,7.34,0.0,0.2857
2029-2030,4,MATH-AP-CALC-AB,AP Calculus AB,ap,Y04-SEC-022,AP Calculus AB - Synthetic Section 05-22,TCH-005,Teacher 05,11,11,10,44.14,49.87,8.38,0.0,0.0909
2029-2030,4,MATH-PRECALC,Precalculus,regular,Y04-SEC-017,Precalculus - Synthetic Section 05-17,TCH-003,Teacher 03,12,12,11,37.83,45.88,8.77,0.0,0.0833
2030-2031,5,MATH-PRECALC,Precalculus,regular,Y05-SEC-017,Precalculus - Synthetic Section 06-17,TCH-004,Teacher 04,13,11,11,39.07,48.39,6.87,0.1538,0.1538
2030-2031,5,MATH-ALG2-H,Honors Algebra 2,honors,Y05-SEC-010,Honors Algebra 2 - Synthetic Section 06-10,TCH-003,Teacher 03,11,11,7,63.56,68.88,7.92,0.0,0.3636
